{"groups":[{"name":"Root_lib","groupName":"命令库","commands":["Invoice_info"]}],"commands":[{"items":[{"commandName":"invoice_info_function","commandDesc":"","visible":true,"function":"Invoice_info.invoice_info_function","translateType":32,"args":[{"name":"Invoice_info.invoice_info_function","propName":"输出到","desc":"调用的函数名称","dataType":"variable","defaultValue":"Invoice_info.invoice_info_function"}],"srcCode":"#Invoice_info.invoice_info_function()"}],"name":"Invoice_info","nameSpace":"Invoice_info","className":"Invoice_info","creatorType":0,"version":"1.0.2","isLib":1,"author":"","createTime":1741572877942}],"outputCache":{"outPutPath":"D:\\project\\Invoice_info","outPutMainFileName":"Invoice_info","outPutVersionItem1":"1","outPutVersionItem2":"0","outPutVersionItem3":2,"funcArr":[{"funcName":"invoice_info_function","orderName":"invoice_info_function","useTip":"","visibleTransform":"Invoice_info.invoice_info_function()","outPut":"Variable","hasReturn":false,"argsArr":[]}],"funcIndex":0,"argIndex":0}}